<?xml version="1.0" encoding="UTF-8"?>
<document type="com.apple.InterfaceBuilder3.CocoaTouch.Storyboard.XIB" version="3.0" toolsVersion="14295.6" targetRuntime="iOS.CocoaTouch" propertyAccessControl="none" useAutolayout="YES" launchScreen="YES" useTraitCollections="YES" useSafeAreas="YES" colorMatched="YES" initialViewController="01J-lp-oVM">
    <device id="retina4_7" orientation="portrait">
        <adaptation id="fullscreen"/>
    </device>
    <dependencies>
        <plugIn identifier="com.apple.InterfaceBuilder.IBCocoaTouchPlugin" version="14270.1"/>
        <capability name="Safe area layout guides" minToolsVersion="9.0"/>
        <capability name="documents saved in the Xcode 8 format" minToolsVersion="8.0"/>
    </dependencies>
    <scenes>
        <!--View Controller-->
        <scene sceneID="EHf-IW-A2E">
            <objects>
                <viewController id="01J-lp-oVM" sceneMemberID="viewController">
                    <view key="view" contentMode="scaleToFill" id="Ze5-6b-2t3">
                        <rect key="frame" x="0.0" y="0.0" width="375" height="667"/>
                        <autoresizingMask key="autoresizingMask" widthSizable="YES" heightSizable="YES"/>
                        <subviews>
                            <imageView userInteractionEnabled="NO" contentMode="scaleToFill" horizontalHuggingPriority="251" verticalHuggingPriority="251" image="rwdevcon-bg" translatesAutoresizingMaskIntoConstraints="NO" id="DRu-3q-TXZ">
                                <rect key="frame" x="0.0" y="0.0" width="375" height="667"/>
                            </imageView>
                            <imageView userInteractionEnabled="NO" contentMode="scaleToFill" horizontalHuggingPriority="251" verticalHuggingPriority="251" image="Razewarelogo_1024" translatesAutoresizingMaskIntoConstraints="NO" id="cGS-Nh-yp1">
                                <rect key="frame" x="32" y="178" width="311" height="311"/>
                                <constraints>
                                    <constraint firstAttribute="width" secondItem="cGS-Nh-yp1" secondAttribute="height" multiplier="1:1" id="QKQ-Ia-FR2"/>
                                </constraints>
                            </imageView>
                        </subviews>
                        <color key="backgroundColor" red="1" green="1" blue="1" alpha="1" colorSpace="custom" customColorSpace="sRGB"/>
                        <constraints>
                            <constraint firstItem="6Tk-OE-BBY" firstAttribute="trailing" secondItem="cGS-Nh-yp1" secondAttribute="trailing" constant="32" id="8yR-Gg-xWo"/>
                            <constraint firstItem="DRu-3q-TXZ" firstAttribute="leading" secondItem="Ze5-6b-2t3" secondAttribute="leading" id="D6s-ND-7w6"/>
                            <constraint firstItem="cGS-Nh-yp1" firstAttribute="centerX" secondItem="Ze5-6b-2t3" secondAttribute="centerX" id="Ghe-39-M1X"/>
                            <constraint firstAttribute="trailing" secondItem="DRu-3q-TXZ" secondAttribute="trailing" id="Nbv-vn-kIJ"/>
                            <constraint firstItem="DRu-3q-TXZ" firstAttribute="top" secondItem="Ze5-6b-2t3" secondAttribute="top" id="YGb-W1-WJh"/>
                            <constraint firstItem="cGS-Nh-yp1" firstAttribute="centerY" secondItem="Ze5-6b-2t3" secondAttribute="centerY" id="iLs-7N-9Mt"/>
                            <constraint firstAttribute="bottom" secondItem="DRu-3q-TXZ" secondAttribute="bottom" id="tcM-iK-so0"/>
                        </constraints>
                        <viewLayoutGuide key="safeArea" id="6Tk-OE-BBY"/>
                    </view>
                </viewController>
                <placeholder placeholderIdentifier="IBFirstResponder" id="iYj-Kq-Ea1" userLabel="First Responder" sceneMemberID="firstResponder"/>
            </objects>
            <point key="canvasLocation" x="52" y="374.66266866566718"/>
        </scene>
    </scenes>
    <resources>
        <image name="Razewarelogo_1024" width="512" height="512"/>
        <image name="rwdevcon-bg" width="1104" height="1104"/>
    </resources>
</document>
