<?xml version="1.0" encoding="UTF-8"?>
<document type="com.apple.InterfaceBuilder3.CocoaTouch.Storyboard.XIB" version="3.0" toolsVersion="14313.3.2" targetRuntime="iOS.CocoaTouch" propertyAccessControl="none" useAutolayout="YES" useTraitCollections="YES" useSafeAreas="YES" colorMatched="YES" initialViewController="RMx-3f-FxP">
    <device id="retina4_7" orientation="portrait">
        <adaptation id="fullscreen"/>
    </device>
    <dependencies>
        <plugIn identifier="com.apple.InterfaceBuilder.IBCocoaTouchPlugin" version="14283.1"/>
        <capability name="Safe area layout guides" minToolsVersion="9.0"/>
        <capability name="documents saved in the Xcode 8 format" minToolsVersion="8.0"/>
    </dependencies>
    <scenes>
        <!--Master-->
        <scene sceneID="pY4-Hu-kfo">
            <objects>
                <navigationController title="Master" id="RMx-3f-FxP" sceneMemberID="viewController">
                    <navigationBar key="navigationBar" clipsSubviews="YES" multipleTouchEnabled="YES" contentMode="scaleToFill" id="Pmd-2v-anx">
                        <rect key="frame" x="0.0" y="20" width="375" height="44"/>
                        <autoresizingMask key="autoresizingMask"/>
                    </navigationBar>
                    <connections>
                        <segue destination="7bK-jq-Zjz" kind="relationship" relationship="rootViewController" id="tsl-Nk-0bq"/>
                    </connections>
                </navigationController>
                <placeholder placeholderIdentifier="IBFirstResponder" id="8fS-aE-onr" sceneMemberID="firstResponder"/>
            </objects>
            <point key="canvasLocation" x="-780" y="126"/>
        </scene>
        <!--Detail-->
        <scene sceneID="yUG-lL-AsK">
            <objects>
                <viewController title="Detail" id="JEX-9P-axG" customClass="DetailViewController" customModule="ScaryBugs" customModuleProvider="target" sceneMemberID="viewController">
                    <view key="view" contentMode="scaleToFill" id="svH-Pt-448">
                        <rect key="frame" x="0.0" y="0.0" width="375" height="667"/>
                        <autoresizingMask key="autoresizingMask" widthSizable="YES" heightSizable="YES"/>
                        <subviews>
                            <textField opaque="NO" contentMode="scaleToFill" horizontalHuggingPriority="252" verticalHuggingPriority="252" contentHorizontalAlignment="left" contentVerticalAlignment="center" borderStyle="roundedRect" textAlignment="natural" minimumFontSize="17" translatesAutoresizingMaskIntoConstraints="NO" id="U2L-Vh-uKV">
                                <rect key="frame" x="20" y="84" width="335" height="30"/>
                                <nil key="textColor"/>
                                <fontDescription key="fontDescription" type="system" pointSize="14"/>
                                <textInputTraits key="textInputTraits"/>
                                <connections>
                                    <action selector="titleFieldTextChanged:" destination="JEX-9P-axG" eventType="editingChanged" id="bbY-nt-hbo"/>
                                    <outlet property="delegate" destination="JEX-9P-axG" id="4go-YL-prN"/>
                                </connections>
                            </textField>
                            <label opaque="NO" userInteractionEnabled="NO" contentMode="left" horizontalHuggingPriority="251" verticalHuggingPriority="251" text="Tap To Change Image" textAlignment="natural" lineBreakMode="tailTruncation" baselineAdjustment="alignBaselines" adjustsFontSizeToFit="NO" translatesAutoresizingMaskIntoConstraints="NO" id="uVb-Lw-10h">
                                <rect key="frame" x="105" y="325" width="165.5" height="21"/>
                                <fontDescription key="fontDescription" type="system" pointSize="17"/>
                                <nil key="textColor"/>
                                <nil key="highlightedColor"/>
                            </label>
                            <imageView userInteractionEnabled="NO" contentMode="scaleAspectFit" horizontalHuggingPriority="251" verticalHuggingPriority="251" translatesAutoresizingMaskIntoConstraints="NO" id="B3A-3B-Kuk">
                                <rect key="frame" x="20" y="122" width="335" height="427"/>
                            </imageView>
                            <button opaque="NO" contentMode="scaleToFill" contentHorizontalAlignment="center" contentVerticalAlignment="center" lineBreakMode="middleTruncation" translatesAutoresizingMaskIntoConstraints="NO" id="w7W-1c-HQk">
                                <rect key="frame" x="20" y="122" width="335" height="427"/>
                                <connections>
                                    <action selector="addPictureTapped:" destination="JEX-9P-axG" eventType="touchUpInside" id="yGx-ax-TRr"/>
                                </connections>
                            </button>
                            <view contentMode="scaleToFill" translatesAutoresizingMaskIntoConstraints="NO" id="EOF-oh-P5h" customClass="RateView" customModule="ScaryBugs" customModuleProvider="target">
                                <rect key="frame" x="20" y="557" width="335" height="90"/>
                                <color key="backgroundColor" white="1" alpha="1" colorSpace="custom" customColorSpace="genericGamma22GrayColorSpace"/>
                                <constraints>
                                    <constraint firstAttribute="height" constant="90" id="rbn-Cj-7Ii"/>
                                </constraints>
                            </view>
                        </subviews>
                        <color key="backgroundColor" red="1" green="1" blue="1" alpha="1" colorSpace="custom" customColorSpace="sRGB"/>
                        <constraints>
                            <constraint firstItem="B3A-3B-Kuk" firstAttribute="leading" secondItem="VUw-jc-0yf" secondAttribute="leading" constant="20" id="3Xa-Yl-hVe"/>
                            <constraint firstItem="VUw-jc-0yf" firstAttribute="bottom" secondItem="EOF-oh-P5h" secondAttribute="bottom" constant="20" id="4wX-Fi-PCF"/>
                            <constraint firstItem="EOF-oh-P5h" firstAttribute="leading" secondItem="VUw-jc-0yf" secondAttribute="leading" constant="20" id="5EX-nW-cYS"/>
                            <constraint firstItem="U2L-Vh-uKV" firstAttribute="leading" secondItem="VUw-jc-0yf" secondAttribute="leading" constant="20" id="7u3-nG-a37"/>
                            <constraint firstItem="EOF-oh-P5h" firstAttribute="top" secondItem="B3A-3B-Kuk" secondAttribute="bottom" constant="8" id="9uK-oA-Tzr"/>
                            <constraint firstItem="VUw-jc-0yf" firstAttribute="trailing" secondItem="U2L-Vh-uKV" secondAttribute="trailing" constant="20" id="NOf-Gr-Mh7"/>
                            <constraint firstItem="w7W-1c-HQk" firstAttribute="height" secondItem="B3A-3B-Kuk" secondAttribute="height" id="YES-Nf-TGm"/>
                            <constraint firstItem="w7W-1c-HQk" firstAttribute="centerX" secondItem="B3A-3B-Kuk" secondAttribute="centerX" id="cEa-pm-Mpu"/>
                            <constraint firstItem="w7W-1c-HQk" firstAttribute="centerY" secondItem="B3A-3B-Kuk" secondAttribute="centerY" id="cOQ-2c-L53"/>
                            <constraint firstItem="w7W-1c-HQk" firstAttribute="width" secondItem="B3A-3B-Kuk" secondAttribute="width" id="eGa-yF-pgW"/>
                            <constraint firstItem="uVb-Lw-10h" firstAttribute="centerX" secondItem="B3A-3B-Kuk" secondAttribute="centerX" id="f8r-z3-m6p"/>
                            <constraint firstItem="VUw-jc-0yf" firstAttribute="trailing" secondItem="B3A-3B-Kuk" secondAttribute="trailing" constant="20" id="hq1-MW-Pwp"/>
                            <constraint firstItem="uVb-Lw-10h" firstAttribute="centerY" secondItem="B3A-3B-Kuk" secondAttribute="centerY" id="k48-2N-Usv"/>
                            <constraint firstItem="B3A-3B-Kuk" firstAttribute="top" secondItem="U2L-Vh-uKV" secondAttribute="bottom" constant="8" id="q5p-4I-VYz"/>
                            <constraint firstItem="U2L-Vh-uKV" firstAttribute="top" secondItem="VUw-jc-0yf" secondAttribute="top" constant="20" id="qo8-8j-juO"/>
                            <constraint firstItem="VUw-jc-0yf" firstAttribute="trailing" secondItem="EOF-oh-P5h" secondAttribute="trailing" constant="20" id="sJ2-3D-eiU"/>
                        </constraints>
                        <viewLayoutGuide key="safeArea" id="VUw-jc-0yf"/>
                    </view>
                    <toolbarItems/>
                    <navigationItem key="navigationItem" title="Detail" id="mOI-FS-AaM"/>
                    <connections>
                        <outlet property="detailDescriptionLabel" destination="uVb-Lw-10h" id="tVj-lL-t0e"/>
                        <outlet property="imageView" destination="B3A-3B-Kuk" id="28Q-aT-pk9"/>
                        <outlet property="rateView" destination="EOF-oh-P5h" id="ODK-Dr-aVO"/>
                        <outlet property="titleField" destination="U2L-Vh-uKV" id="QJf-8E-ZSr"/>
                    </connections>
                </viewController>
                <placeholder placeholderIdentifier="IBFirstResponder" id="FJe-Yq-33r" sceneMemberID="firstResponder"/>
            </objects>
            <point key="canvasLocation" x="810" y="126"/>
        </scene>
        <!--Master-->
        <scene sceneID="smW-Zh-WAh">
            <objects>
                <tableViewController title="Master" clearsSelectionOnViewWillAppear="NO" id="7bK-jq-Zjz" customClass="MasterViewController" customModule="ScaryBugs" customModuleProvider="target" sceneMemberID="viewController">
                    <tableView key="view" clipsSubviews="YES" contentMode="scaleToFill" alwaysBounceVertical="YES" dataMode="prototypes" style="plain" separatorStyle="default" rowHeight="107" estimatedRowHeight="107" sectionHeaderHeight="28" sectionFooterHeight="28" id="r7i-6Z-zg0">
                        <rect key="frame" x="0.0" y="0.0" width="375" height="667"/>
                        <autoresizingMask key="autoresizingMask" widthSizable="YES" heightSizable="YES"/>
                        <color key="backgroundColor" red="1" green="1" blue="1" alpha="1" colorSpace="custom" customColorSpace="sRGB"/>
                        <prototypes>
                            <tableViewCell contentMode="scaleToFill" selectionStyle="blue" accessoryType="disclosureIndicator" hidesAccessoryWhenEditing="NO" indentationLevel="1" indentationWidth="0.0" reuseIdentifier="MyBasicCell" textLabel="Arm-wq-HPj" style="IBUITableViewCellStyleDefault" id="WCw-Qf-5nD">
                                <rect key="frame" x="0.0" y="28" width="375" height="107"/>
                                <autoresizingMask key="autoresizingMask"/>
                                <tableViewCellContentView key="contentView" opaque="NO" clipsSubviews="YES" multipleTouchEnabled="YES" contentMode="center" tableViewCell="WCw-Qf-5nD" id="37f-cq-3Eg">
                                    <rect key="frame" x="0.0" y="0.0" width="341" height="106.5"/>
                                    <autoresizingMask key="autoresizingMask"/>
                                    <subviews>
                                        <label opaque="NO" clipsSubviews="YES" multipleTouchEnabled="YES" contentMode="left" text="Title" textAlignment="natural" lineBreakMode="tailTruncation" baselineAdjustment="alignBaselines" adjustsFontSizeToFit="NO" id="Arm-wq-HPj">
                                            <rect key="frame" x="16" y="0.0" width="324" height="106.5"/>
                                            <autoresizingMask key="autoresizingMask"/>
                                            <fontDescription key="fontDescription" type="system" pointSize="17"/>
                                            <color key="textColor" cocoaTouchSystemColor="darkTextColor"/>
                                            <color key="highlightedColor" red="1" green="1" blue="1" alpha="1" colorSpace="custom" customColorSpace="sRGB"/>
                                        </label>
                                    </subviews>
                                </tableViewCellContentView>
                                <color key="backgroundColor" red="1" green="1" blue="1" alpha="1" colorSpace="custom" customColorSpace="sRGB"/>
                                <connections>
                                    <segue destination="JEX-9P-axG" kind="show" identifier="showDetail" id="d7Z-Xt-Y71"/>
                                </connections>
                            </tableViewCell>
                        </prototypes>
                        <sections/>
                        <connections>
                            <outlet property="dataSource" destination="7bK-jq-Zjz" id="Gho-Na-rnu"/>
                            <outlet property="delegate" destination="7bK-jq-Zjz" id="RA6-mI-bju"/>
                        </connections>
                    </tableView>
                    <navigationItem key="navigationItem" title="Master" id="Zdf-7t-Un8"/>
                </tableViewController>
                <placeholder placeholderIdentifier="IBFirstResponder" id="Rux-fX-hf1" sceneMemberID="firstResponder"/>
            </objects>
            <point key="canvasLocation" x="46" y="127"/>
        </scene>
    </scenes>
</document>
